unit_code,unit_name,unit_name_combined
ABLI,Abraham Lincoln Birthplace National Historical Park,Abraham Lincoln Birthplace National Historical Park (ABLI)
ACAD,Acadia National Park,Acadia National Park (ACAD)
ADAM,Adams National Historical Park,Adams National Historical Park (ADAM)
AFBG,African Burial Ground National Monument,African Burial Ground National Monument (AFBG)
AGFO,Agate Fossil Beds National Monument,Agate Fossil Beds National Monument (AGFO)
ALKA,Ala Kahakai National Historic Trail,Ala Kahakai National Historic Trail (ALKA)
ALAG,Alagnak Wild River,Alagnak Wild River (ALAG)
ALFL,Alibates Flint Quarries National Monument,Alibates Flint Quarries National Monument (ALFL)
ALPO,Allegheny Portage Railroad National Historic Site,Allegheny Portage Railroad National Historic Site (ALPO)
AMCH,Amache National Historic Site,Amache National Historic Site (AMCH)
AMME,American Memorial Park,American Memorial Park (AMME)
AMIS,Amistad National Recreation Area,Amistad National Recreation Area (AMIS)
ANDE,Andersonville National Historic Site,Andersonville National Historic Site (ANDE)
ANJO,Andrew Johnson National Historic Site,Andrew Johnson National Historic Site (ANJO)
ANIA,Aniakchak National Preserve and Monument,Aniakchak National Preserve and Monument (ANIA)
ANTI,Antietam National Battlefield,Antietam National Battlefield (ANTI)
APIS,Apostle Islands National Lakeshore,Apostle Islands National Lakeshore (APIS)
APPA,Appalachian National Scenic Trail,Appalachian National Scenic Trail (APPA)
APCO,Appomattox Court House National Historical Park,Appomattox Court House National Historical Park (APCO)
ARCH,Arches National Park,Arches National Park (ARCH)
ARPO,Arkansas Post National Memorial,Arkansas Post National Memorial (ARPO)
ARHO,"Arlington House, The Robert E. Lee Memorial","Arlington House, The Robert E. Lee Memorial (ARHO)"
ASIS,Assateague Island National Seashore,Assateague Island National Seashore (ASIS)
AZRU,Aztec Ruins National Monument,Aztec Ruins National Monument (AZRU)
BADL,Badlands National Park,Badlands National Park (BADL)
BAND,Bandelier National Monument,Bandelier National Monument (BAND)
BEPA,Belmont-Paul Women's Equality National Monument,Belmont-Paul Women's Equality National Monument (BEPA)
BEOL,Bent's Old Fort National Historic Site,Bent's Old Fort National Historic Site (BEOL)
BELA,Bering Land Bridge National Preserve,Bering Land Bridge National Preserve (BELA)
BIBE,Big Bend National Park,Big Bend National Park (BIBE)
BICY,Big Cypress National Preserve,Big Cypress National Preserve (BICY)
BIHO,Big Hole National Battlefield,Big Hole National Battlefield (BIHO)
BISO,Big South Fork National River and Recreation Area,Big South Fork National River and Recreation Area (BISO)
BITH,Big Thicket National Preserve,Big Thicket National Preserve (BITH)
BICA,Bighorn Canyon National Recreation Area,Bighorn Canyon National Recreation Area (BICA)
BICR,Birmingham Civil Rights National Monument,Birmingham Civil Rights National Monument (BICR)
BISC,Biscayne National Park,Biscayne National Park (BISC)
BLCA,Black Canyon of the Gunnison National Park,Black Canyon of the Gunnison National Park (BLCA)
BLRV,Blackstone River Valley National Historical Park,Blackstone River Valley National Historical Park (BLRV)
BLSC,Blackwell School National Historic Site,Blackwell School National Historic Site (BLSC)
BLRI,Blue Ridge Parkway,Blue Ridge Parkway (BLRI)
BLUE,Bluestone National Scenic River,Bluestone National Scenic River (BLUE)
BOWA,Booker T. Washington National Monument,Booker T. Washington National Monument (BOWA)
BOAF,Boston African American National Historic Site,Boston African American National Historic Site (BOAF)
BOHA,Boston Harbor Islands National Recreation Area,Boston Harbor Islands National Recreation Area (BOHA)
BOST,Boston National Historical Park,Boston National Historical Park (BOST)
BRCR,Brices Cross Roads National Battlefield Site,Brices Cross Roads National Battlefield Site (BRCR)
BRVB,Brown v. Board of Education National Historical Park,Brown v. Board of Education National Historical Park (BRVB)
BRCA,Bryce Canyon National Park,Bryce Canyon National Park (BRCA)
BUIS,Buck Island Reef National Monument,Buck Island Reef National Monument (BUIS)
BUFF,Buffalo National River,Buffalo National River (BUFF)
CABR,Cabrillo National Monument,Cabrillo National Monument (CABR)
CANE,Camp Nelson National Monument,Camp Nelson National Monument (CANE)
CANA,Canaveral National Seashore,Canaveral National Seashore (CANA)
CARI,Cane River Creole National Historical Park,Cane River Creole National Historical Park (CARI)
CACH,Canyon de Chelly National Monument,Canyon de Chelly National Monument (CACH)
CANY,Canyonlands National Park,Canyonlands National Park (CANY)
CACO,Cape Cod National Seashore,Cape Cod National Seashore (CACO)
CAHA,Cape Hatteras National Seashore,Cape Hatteras National Seashore (CAHA)
CAKR,Cape Krusenstern National Monument,Cape Krusenstern National Monument (CAKR)
CALO,Cape Lookout National Seashore,Cape Lookout National Seashore (CALO)
CARE,Capitol Reef National Park,Capitol Reef National Park (CARE)
CAJO,Captain John Smith Chesapeake National Historic Trail,Captain John Smith Chesapeake National Historic Trail (CAJO)
CAVO,Capulin Volcano National Monument,Capulin Volcano National Monument (CAVO)
CARL,Carl Sandburg Home National Historic Site,Carl Sandburg Home National Historic Site (CARL)
CAVE,Carlsbad Caverns National Park,Carlsbad Caverns National Park (CAVE)
CAWO,Carter G. Woodson Home National Historic Site,Carter G. Woodson Home National Historic Site (CAWO)
CAGR,Casa Grande Ruins National Monument,Casa Grande Ruins National Monument (CAGR)
CASA,Castillo de San Marcos National Monument,Castillo de San Marcos National Monument (CASA)
CACL,Castle Clinton National Monument,Castle Clinton National Monument (CACL)
CAMO,Castle Mountains National Monument,Castle Mountains National Monument (CAMO)
CATO,Catoctin Mountain Park,Catoctin Mountain Park (CATO)
CEBR,Cedar Breaks National Monument,Cedar Breaks National Monument (CEBR)
CEBE,Cedar Creek and Belle Grove National Historical Park,Cedar Creek and Belle Grove National Historical Park (CEBE)
CHCU,Chaco Culture National Historical Park,Chaco Culture National Historical Park (CHCU)
CHAM,Chamizal National Memorial,Chamizal National Memorial (CHAM)
CHIS,Channel Islands National Park,Channel Islands National Park (CHIS)
CHPI,Charles Pinckney National Historic Site,Charles Pinckney National Historic Site (CHPI)
CHYO,Charles Young Buffalo Soldiers National Monument,Charles Young Buffalo Soldiers National Monument (CHYO)
CHAT,Chattahoochee River National Recreation Area,Chattahoochee River National Recreation Area (CHAT)
CHOH,Chesapeake and Ohio Canal National Historical Park,Chesapeake and Ohio Canal National Historical Park (CHOH)
CHCH,Chickamauga and Chattanooga National Military Park,Chickamauga and Chattanooga National Military Park (CHCH)
CHIC,Chickasaw National Recreation Area,Chickasaw National Recreation Area (CHIC)
CHIR,Chiricahua National Monument,Chiricahua National Monument (CHIR)
CHRI,Christiansted National Historic Site,Christiansted National Historic Site (CHRI)
CIRO,City of Rocks National Reserve,City of Rocks National Reserve (CIRO)
CLBA,Clara Barton National Historic Site,Clara Barton National Historic Site (CLBA)
COLO,Colonial National Historical Park,Colonial National Historical Park (COLO)
COLM,Colorado National Monument,Colorado National Monument (COLM)
CONG,Congaree National Park,Congaree National Park (CONG)
COGA,Constitution Gardens,Constitution Gardens (COGA)
CORO,Coronado National Memorial,Coronado National Memorial (CORO)
COWP,Cowpens National Battlefield,Cowpens National Battlefield (COWP)
CRLA,Crater Lake National Park,Crater Lake National Park (CRLA)
CRMO,Craters of the Moon National Monument,Craters of the Moon National Monument (CRMO)
CRMP,Craters of the Moon National Preserve,Craters of the Moon National Preserve (CRMP)
CUGA,Cumberland Gap National Historical Park,Cumberland Gap National Historical Park (CUGA)
CUIS,Cumberland Island National Seashore,Cumberland Island National Seashore (CUIS)
CURE,Curecanti National Recreation Area,Curecanti National Recreation Area (CURE)
CUVA,Cuyahoga Valley National Park,Cuyahoga Valley National Park (CUVA)
CECH,César E. Chávez National Monument,César E. Chávez National Monument (CECH)
DAAV,Dayton Aviation Heritage National Historical Park,Dayton Aviation Heritage National Historical Park (DAAV)
DESO,De Soto National Memorial,De Soto National Memorial (DESO)
DEVA,Death Valley National Park,Death Valley National Park (DEVA)
DEWA,Delaware Water Gap National Recreation Area,Delaware Water Gap National Recreation Area (DEWA)
DENA,Denali National Park and Preserve,Denali National Park and Preserve (DENA)
DEPO,Devils Postpile National Monument,Devils Postpile National Monument (DEPO)
DETO,Devils Tower National Monument,Devils Tower National Monument (DETO)
DINO,Dinosaur National Monument,Dinosaur National Monument (DINO)
DRTO,Dry Tortugas National Park,Dry Tortugas National Park (DRTO)
DDEM,Dwight D. Eisenhower Memorial,Dwight D. Eisenhower Memorial (DDEM)
EBLA,Ebey's Landing National Historical Reserve,Ebey's Landing National Historical Reserve (EBLA)
EDAL,Edgar Allan Poe National Historic Site,Edgar Allan Poe National Historic Site (EDAL)
EFMO,Effigy Mounds National Monument,Effigy Mounds National Monument (EFMO)
EISE,Eisenhower National Historic Site,Eisenhower National Historic Site (EISE)
ELMA,El Malpais National Monument,El Malpais National Monument (ELMA)
ELMO,El Morro National Monument,El Morro National Monument (ELMO)
ELRO,Eleanor Roosevelt National Historic Site,Eleanor Roosevelt National Historic Site (ELRO)
EUON,Eugene O'Neill National Historic Site,Eugene O'Neill National Historic Site (EUON)
EVER,Everglades National Park,Everglades National Park (EVER)
FEHA,Federal Hall National Memorial,Federal Hall National Memorial (FEHA)
FIIS,Fire Island National Seashore,Fire Island National Seashore (FIIS)
FILA,First Ladies National Historic Site,First Ladies National Historic Site (FILA)
FRST,First State National Historical Park,First State National Historical Park (FRST)
FLNI,Flight 93 National Memorial,Flight 93 National Memorial (FLNI)
FLFO,Florissant Fossil Beds National Monument,Florissant Fossil Beds National Monument (FLFO)
FOTH,Ford's Theatre National Historic Site,Ford's Theatre National Historic Site (FOTH)
FOBO,Fort Bowie National Historic Site,Fort Bowie National Historic Site (FOBO)
FOCA,Fort Caroline National Memorial,Fort Caroline National Memorial (FOCA)
FODA,Fort Davis National Historic Site,Fort Davis National Historic Site (FODA)
FODO,Fort Donelson National Battlefield,Fort Donelson National Battlefield (FODO)
FOFR,Fort Frederica National Monument,Fort Frederica National Monument (FOFR)
FOLA,Fort Laramie National Historic Site,Fort Laramie National Historic Site (FOLA)
FOLS,Fort Larned National Historic Site,Fort Larned National Historic Site (FOLS)
FOMA,Fort Matanzas National Monument,Fort Matanzas National Monument (FOMA)
FOMC,Fort McHenry National Monument and Historic Shrine,Fort McHenry National Monument and Historic Shrine (FOMC)
FOMR,Fort Monroe National Monument,Fort Monroe National Monument (FOMR)
FONE,Fort Necessity National Battlefield,Fort Necessity National Battlefield (FONE)
FOPO,Fort Point National Historic Site,Fort Point National Historic Site (FOPO)
FOPU,Fort Pulaski National Monument,Fort Pulaski National Monument (FOPU)
FORA,Fort Raleigh National Historic Site,Fort Raleigh National Historic Site (FORA)
FOSC,Fort Scott National Historic Site,Fort Scott National Historic Site (FOSC)
FOSM,Fort Smith National Historic Site,Fort Smith National Historic Site (FOSM)
FOST,Fort Stanwix National Monument,Fort Stanwix National Monument (FOST)
FOSU,Fort Sumter and Fort Moultrie National Historical Park,Fort Sumter and Fort Moultrie National Historical Park (FOSU)
FOUN,Fort Union National Monument,Fort Union National Monument (FOUN)
FOUS,Fort Union Trading Post National Historic Site,Fort Union Trading Post National Historic Site (FOUS)
FOVA,Fort Vancouver National Historic Site,Fort Vancouver National Historic Site (FOVA)
FOWA,Fort Washington Park,Fort Washington Park (FOWA)
FOBU,Fossil Butte National Monument,Fossil Butte National Monument (FOBU)
FRDE,Franklin Delano Roosevelt Memorial,Franklin Delano Roosevelt Memorial (FRDE)
FRDO,Frederick Douglass National Historic Site,Frederick Douglass National Historic Site (FRDO)
FRLA,Frederick Law Olmsted National Historic Site,Frederick Law Olmsted National Historic Site (FRLA)
FRSP,Fredericksburg and Spotsylvania County Battlefields Memorial National Military Park,Fredericksburg and Spotsylvania County Battlefields Memorial National Military Park (FRSP)
FRRI,Freedom Riders National Monument,Freedom Riders National Monument (FRRI)
FRHI,Friendship Hill National Historic Site,Friendship Hill National Historic Site (FRHI)
GAAR,Gates of the Arctic National Park and Preserve,Gates of the Arctic National Park and Preserve (GAAR)
JEFF,Gateway Arch National Park,Gateway Arch National Park (JEFF)
GATE,Gateway National Recreation Area,Gateway National Recreation Area (GATE)
GARI,Gauley River National Recreation Area,Gauley River National Recreation Area (GARI)
GEGR,General Grant National Memorial,General Grant National Memorial (GEGR)
GERO,George Rogers Clark National Historical Park,George Rogers Clark National Historical Park (GERO)
GEWA,George Washington Birthplace National Monument,George Washington Birthplace National Monument (GEWA)
GWCA,George Washington Carver National Monument,George Washington Carver National Monument (GWCA)
GWMP,George Washington Memorial Parkway,George Washington Memorial Parkway (GWMP)
GETT,Gettysburg National Military Park,Gettysburg National Military Park (GETT)
GICL,Gila Cliff Dwellings National Monument,Gila Cliff Dwellings National Monument (GICL)
GLBA,Glacier Bay National Park and Preserve,Glacier Bay National Park and Preserve (GLBA)
GLAC,Glacier National Park,Glacier National Park (GLAC)
GLCA,Glen Canyon National Recreation Area,Glen Canyon National Recreation Area (GLCA)
GOGA,Golden Gate National Recreation Area,Golden Gate National Recreation Area (GOGA)
GOSP,Golden Spike National Historical Park,Golden Spike National Historical Park (GOSP)
GOIS,Governors Island National Monument,Governors Island National Monument (GOIS)
GRCA,Grand Canyon National Park,Grand Canyon National Park (GRCA)
GRPO,Grand Portage National Monument,Grand Portage National Monument (GRPO)
GRTE,Grand Teton National Park,Grand Teton National Park (GRTE)
GRKO,Grant-Kohrs Ranch National Historic Site,Grant-Kohrs Ranch National Historic Site (GRKO)
GRBA,Great Basin National Park,Great Basin National Park (GRBA)
GRSM,Great Smoky Mountains National Park,Great Smoky Mountains National Park (GRSM)
GRSA,Great Sand Dunes National Park and Preserve,Great Sand Dunes National Park and Preserve (GRSA)
GREE,Greenbelt Park,Greenbelt Park (GREE)
GUMO,Guadalupe Mountains National Park,Guadalupe Mountains National Park (GUMO)
GUCO,Guilford Courthouse National Military Park,Guilford Courthouse National Military Park (GUCO)
GUIS,Gulf Islands National Seashore,Gulf Islands National Seashore (GUIS)
HAFO,Hagerman Fossil Beds National Monument,Hagerman Fossil Beds National Monument (HAFO)
HALE,Haleakala National Park,Haleakala National Park (HALE)
HAGR,Hamilton Grange National Memorial,Hamilton Grange National Memorial (HAGR)
HAMP,Hampton National Historic Site,Hampton National Historic Site (HAMP)
HAFE,Harpers Ferry National Historical Park,Harpers Ferry National Historical Park (HAFE)
HART,Harriet Tubman National Historical Park,Harriet Tubman National Historical Park (HART)
HATU,Harriet Tubman Underground Railroad National Historical Park,Harriet Tubman Underground Railroad National Historical Park (HATU)
HSTR,Harry S Truman National Historic Site,Harry S Truman National Historic Site (HSTR)
HAVO,Hawai'i Volcanoes National Park,Hawai'i Volcanoes National Park (HAVO)
HEHO,Herbert Hoover National Historic Site,Herbert Hoover National Historic Site (HEHO)
PIMA,Hohokam Pima National Monument,Hohokam Pima National Monument (PIMA)
HOFR,Home of Franklin D. Roosevelt National Historic Site,Home of Franklin D. Roosevelt National Historic Site (HOFR)
HOME,Homestead National Historical Park,Homestead National Historical Park (HOME)
HONO,Honouliuli National Historic Site,Honouliuli National Historic Site (HONO)
HOCU,Hopewell Culture National Historical Park,Hopewell Culture National Historical Park (HOCU)
HOFU,Hopewell Furnace National Historic Site,Hopewell Furnace National Historic Site (HOFU)
HOBE,Horseshoe Bend National Military Park,Horseshoe Bend National Military Park (HOBE)
HOSP,Hot Springs National Park,Hot Springs National Park (HOSP)
HOVE,Hovenweep National Monument,Hovenweep National Monument (HOVE)
HUTR,Hubbell Trading Post National Historic Site,Hubbell Trading Post National Historic Site (HUTR)
IATR,Ice Age National Scenic Trail,Ice Age National Scenic Trail (IATR)
INDE,Independence National Historical Park,Independence National Historical Park (INDE)
INDU,Indiana Dunes National Park,Indiana Dunes National Park (INDU)
ISRO,Isle Royale National Park,Isle Royale National Park (ISRO)
JAGA,James A. Garfield National Historic Site,James A. Garfield National Historic Site (JAGA)
JELA,Jean Lafitte National Historical Park and Preserve,Jean Lafitte National Historical Park and Preserve (JELA)
JECA,Jewel Cave National Monument,Jewel Cave National Monument (JECA)
JICA,Jimmy Carter National Historical Park,Jimmy Carter National Historical Park (JICA)
JODR,"John D. Rockefeller, Jr., Memorial Parkway","John D. Rockefeller, Jr., Memorial Parkway (JODR)"
JODA,John Day Fossil Beds National Monument,John Day Fossil Beds National Monument (JODA)
JOFI,John Fitzgerald Kennedy National Historic Site,John Fitzgerald Kennedy National Historic Site (JOFI)
JOMU,John Muir National Historic Site,John Muir National Historic Site (JOMU)
JOFL,Johnstown Flood National Memorial,Johnstown Flood National Memorial (JOFL)
JOTR,Joshua Tree National Park,Joshua Tree National Park (JOTR)
KALA,Kalaupapa National Historical Park,Kalaupapa National Historical Park (KALA)
KAHO,Kaloko-Honokohau National Historical Park,Kaloko-Honokohau National Historical Park (KAHO)
KAWW,Katahdin Woods and Waters National Monument,Katahdin Woods and Waters National Monument (KAWW)
KATM,Katmai National Park and Presever,Katmai National Park and Presever (KATM)
KEFJ,Kenai Fjords National Park,Kenai Fjords National Park (KEFJ)
KEMO,Kennesaw Mountain National Battlefield Park,Kennesaw Mountain National Battlefield Park (KEMO)
KEWE,Keweenaw National Historical Park,Keweenaw National Historical Park (KEWE)
KICA,Kings Canyon National Park,Kings Canyon National Park (KICA)
KIMO,Kings Mountain National Military Park,Kings Mountain National Military Park (KIMO)
KLGO,Klondike Gold Rush National Historical Park,Klondike Gold Rush National Historical Park (KLGO)
KNRI,Knife River Indian Villages National Historic Site,Knife River Indian Villages National Historic Site (KNRI)
KOVA,Kobuk Valley National Park,Kobuk Valley National Park (KOVA)
KOWA,Korean War Veterans Memorial,Korean War Veterans Memorial (KOWA)
LACH,Lake Chelan National Recreation Area,Lake Chelan National Recreation Area (LACH)
LACL,Lake Clark National Park and Preserve,Lake Clark National Park and Preserve (LACL)
LAKE,Lake Mead National Recreation Area,Lake Mead National Recreation Area (LAKE)
LAMR,Lake Meredith National Recreation Area,Lake Meredith National Recreation Area (LAMR)
LARO,Lake Roosevelt National Recreation Area,Lake Roosevelt National Recreation Area (LARO)
LAVO,Lassen Volcanic National Park,Lassen Volcanic National Park (LAVO)
LABE,Lava Beds National Monument,Lava Beds National Monument (LABE)
LECL,Lewis and Clark National Historic Trail,Lewis and Clark National Historic Trail (LECL)
LEWI,Lewis and Clark National Historical Park,Lewis and Clark National Historical Park (LEWI)
LIBO,Lincoln Boyhood National Memorial,Lincoln Boyhood National Memorial (LIBO)
LIHO,Lincoln Home National Historic Site,Lincoln Home National Historic Site (LIHO)
LINC,Lincoln Memorial,Lincoln Memorial (LINC)
LIBI,Little Bighorn Battlefield National Monument,Little Bighorn Battlefield National Monument (LIBI)
LIRI,Little River Canyon National Preserve,Little River Canyon National Preserve (LIRI)
CHSC,Little Rock Central High School National Historic Site,Little Rock Central High School National Historic Site (CHSC)
LONG,Longfellow House-Washington's Headquarters National Historic Site,Longfellow House-Washington's Headquarters National Historic Site (LONG)
LOWE,Lowell National Historical Park,Lowell National Historical Park (LOWE)
LOSA,Lower Saint Croix National Scenic Riverway,Lower Saint Croix National Scenic Riverway (LOSA)
LYJO,Lyndon B. Johnson National Historical Park,Lyndon B. Johnson National Historical Park (LYJO)
LYBA,Lyndon Baines Johnson Memorial Grove on the Potomac,Lyndon Baines Johnson Memorial Grove on the Potomac (LYBA)
MAWA,Maggie L. Walker National Historic Site,Maggie L. Walker National Historic Site (MAWA)
MACA,Mammoth Cave National Park,Mammoth Cave National Park (MACA)
MANA,Manassas National Battlefield Park,Manassas National Battlefield Park (MANA)
MAPR,Manhattan Project National Historical Park,Manhattan Project National Historical Park (MAPR)
MANZ,Manzanar National Historic Site,Manzanar National Historic Site (MANZ)
MABI,Marsh-Billings-Rockefeller National Historical Park,Marsh-Billings-Rockefeller National Historical Park (MABI)
MLKM,"Martin Luther King, Jr., Memorial","Martin Luther King, Jr., Memorial (MLKM)"
MALU,"Martin Luther King, Jr., National Historical Park","Martin Luther King, Jr., National Historical Park (MALU)"
MAVA,Martin Van Buren National Historic Site,Martin Van Buren National Historic Site (MAVA)
MABE,Mary McLeod Bethune Council House National Historic Site,Mary McLeod Bethune Council House National Historic Site (MABE)
MEMY,Medgar and Myrlie Evers Home National Monument,Medgar and Myrlie Evers Home National Monument (MEMY)
MEVE,Mesa Verde National Park,Mesa Verde National Park (MEVE)
DELA,Middle Delaware National Scenic River,Middle Delaware National Scenic River (DELA)
MISP,Mill Springs Battlefield National Monument,Mill Springs Battlefield National Monument (MISP)
MIIN,Minidoka National Historic Site,Minidoka National Historic Site (MIIN)
MIMA,Minute Man National Historical Park,Minute Man National Historical Park (MIMA)
MIMI,Minuteman Missile National Historic Site,Minuteman Missile National Historic Site (MIMI)
MISS,Mississippi National River and Recreation Area,Mississippi National River and Recreation Area (MISS)
MNRR,Missouri National Recreational River,Missouri National Recreational River (MNRR)
MOJA,Mojave National Preserve,Mojave National Preserve (MOJA)
MONO,Monocacy National Battlefield,Monocacy National Battlefield (MONO)
MOCA,Montezuma Castle National Monument,Montezuma Castle National Monument (MOCA)
MOCR,Moores Creek National Battlefield,Moores Creek National Battlefield (MOCR)
MORR,Morristown National Historical Park,Morristown National Historical Park (MORR)
MORA,Mount Rainier National Park,Mount Rainier National Park (MORA)
MORU,Mount Rushmore National Memorial,Mount Rushmore National Memorial (MORU)
MUWO,Muir Woods National Monument,Muir Woods National Monument (MUWO)
NATC,Natchez National Historical Park,Natchez National Historical Park (NATC)
NATR,Natchez Trace Parkway,Natchez Trace Parkway (NATR)
NACA,National Capital Parks,National Capital Parks (NACA)
MALL,National Mall,National Mall (MALL)
NPSA,National Park of American Samoa,National Park of American Samoa (NPSA)
NABR,Natural Bridges National Monument,Natural Bridges National Monument (NABR)
NAVA,Navajo National Monument,Navajo National Monument (NAVA)
NEBE,New Bedford Whaling National Historical Park,New Bedford Whaling National Historical Park (NEBE)
NEEN,New England National Scenic Trail,New England National Scenic Trail (NEEN)
JAZZ,New Orleans Jazz National Historical Park,New Orleans Jazz National Historical Park (JAZZ)
NEPH,New Philadelphia National Historic Site,New Philadelphia National Historic Site (NEPH)
NERI,New River Gorge National Park and Preserve,New River Gorge National Park and Preserve (NERI)
NEPE,Nez Perce National Historical Park,Nez Perce National Historical Park (NEPE)
NICO,Nicodemus National Historic Site,Nicodemus National Historic Site (NICO)
NISI,Ninety Six National Historic Site,Ninety Six National Historic Site (NISI)
NIOB,Niobrara National Scenic River,Niobrara National Scenic River (NIOB)
NOAT,Noatak National Preserve,Noatak National Preserve (NOAT)
NOCA,North Cascades National Park,North Cascades National Park (NOCA)
NOCO,North Country National Scenic Trail,North Country National Scenic Trail (NOCO)
OBRI,Obed Wild and Scenic River,Obed Wild and Scenic River (OBRI)
OCMU,Ocmulgee Mounds National Historical Park,Ocmulgee Mounds National Historical Park (OCMU)
OLYM,Olympic National Park,Olympic National Park (OLYM)
ORCA,Oregon Caves National Monument and Preserve,Oregon Caves National Monument and Preserve (ORCA)
ORPI,Organ Pipe Cactus National Monument,Organ Pipe Cactus National Monument (ORPI)
OZAR,Ozark National Scenic Riverways,Ozark National Scenic Riverways (OZAR)
PAIS,Padre Island National Seashore,Padre Island National Seashore (PAIS)
PAAL,Palo Alto Battlefield National Historical Park,Palo Alto Battlefield National Historical Park (PAAL)
PAGR,Paterson Great Falls National Historical Park,Paterson Great Falls National Historical Park (PAGR)
PERI,Pea Ridge National Military Park,Pea Ridge National Military Park (PERI)
PERL,Pearl Harbor National Memorial,Pearl Harbor National Memorial (PERL)
PECO,Pecos National Historical Park,Pecos National Historical Park (PECO)
PAAV,Pennsylvania Avenue National Historic Site,Pennsylvania Avenue National Historic Site (PAAV)
PEVI,Perry's Victory and International Peace Memorial,Perry's Victory and International Peace Memorial (PEVI)
PETE,Petersburg National Battlefield,Petersburg National Battlefield (PETE)
PEFO,Petrified Forest National Park,Petrified Forest National Park (PEFO)
PETR,Petroglyph National Monument,Petroglyph National Monument (PETR)
PIRO,Pictured Rocks National Lakeshore,Pictured Rocks National Lakeshore (PIRO)
PINN,Pinnacles National Park,Pinnacles National Park (PINN)
PISP,Pipe Spring National Monument,Pipe Spring National Monument (PISP)
PIPE,Pipestone National Monument,Pipestone National Monument (PIPE)
PISC,Piscataway Park,Piscataway Park (PISC)
PORE,Point Reyes National Seashore,Point Reyes National Seashore (PORE)
POCH,Port Chicago Naval Magazine National Memorial,Port Chicago Naval Magazine National Memorial (POCH)
POPO,Poverty Point National Monument,Poverty Point National Monument (POPO)
WICL,President William Jefferson Clinton Birthplace Home National Historic Site,President William Jefferson Clinton Birthplace Home National Historic Site (WICL)
PRWI,Prince William Forest Park,Prince William Forest Park (PRWI)
PUHO,Pu'uhonua o Honaunau National Historical Park,Pu'uhonua o Honaunau National Historical Park (PUHO)
PUHE,Pu'ukohola Heiau National Historic Site,Pu'ukohola Heiau National Historic Site (PUHE)
PULL,Pullman National Historical Park,Pullman National Historical Park (PULL)
RABR,Rainbow Bridge National Monument,Rainbow Bridge National Monument (RABR)
REER,Reconstruction Era National Historical Park,Reconstruction Era National Historical Park (REER)
REDW,Redwood National Park,Redwood National Park (REDW)
RICH,Richmond National Battlefield Park,Richmond National Battlefield Park (RICH)
RIGR,Rio Grande Wild and Scenic River,Rio Grande Wild and Scenic River (RIGR)
RIRA,River Raisin National Battlefield Park,River Raisin National Battlefield Park (RIRA)
ROCR,Rock Creek Park,Rock Creek Park (ROCR)
ROMO,Rocky Mountain National Park,Rocky Mountain National Park (ROMO)
ROWI,Roger Williams National Memorial,Roger Williams National Memorial (ROWI)
RRBH,Ronald Reagan Boyhood Home National Historic Site,Ronald Reagan Boyhood Home National Historic Site (RRBH)
RORI,Rosie the Riveter/World War II Home Front National Historical Park,Rosie the Riveter/World War II Home Front National Historical Park (RORI)
ROLA,Ross Lake National Recreation Area,Ross Lake National Recreation Area (ROLA)
RUCA,Russell Cave National Monument,Russell Cave National Monument (RUCA)
SAHI,Sagamore Hill National Historic Site,Sagamore Hill National Historic Site (SAHI)
SAGU,Saguaro National Park,Saguaro National Park (SAGU)
SACR,Saint Croix Island International Historic Site,Saint Croix Island International Historic Site (SACR)
SACN,Saint Croix National Scenic Riverway,Saint Croix National Scenic Riverway (SACN)
SAPA,Saint Paul's Church National Historic Site,Saint Paul's Church National Historic Site (SAPA)
SAGA,Saint-Gaudens National Historical Park,Saint-Gaudens National Historical Park (SAGA)
SAMA,Salem Maritime National Historic Site,Salem Maritime National Historic Site (SAMA)
SAPU,Salinas Pueblo Missions National Monument,Salinas Pueblo Missions National Monument (SAPU)
SARI,Salt River Bay National Historical Park and Ecological Preserve,Salt River Bay National Historical Park and Ecological Preserve (SARI)
SAAN,San Antonio Missions National Historical Park,San Antonio Missions National Historical Park (SAAN)
SAFR,San Francisco Maritime National Historical Park,San Francisco Maritime National Historical Park (SAFR)
SAJH,San Juan Island National Historical Park,San Juan Island National Historical Park (SAJH)
SAJU,San Juan National Historic Site,San Juan National Historic Site (SAJU)
SAND,Sand Creek Massacre National Historic Site,Sand Creek Massacre National Historic Site (SAND)
SAMO,Santa Monica Mountains National Recreation Area,Santa Monica Mountains National Recreation Area (SAMO)
SARA,Saratoga National Historical Park,Saratoga National Historical Park (SARA)
SAIR,Saugus Iron Works National Historic Site,Saugus Iron Works National Historic Site (SAIR)
SCBL,Scotts Bluff National Monument,Scotts Bluff National Monument (SCBL)
SEMO,Selma to Montgomery National Historic Trail,Selma to Montgomery National Historic Trail (SEMO)
SEQU,Sequoia National Park,Sequoia National Park (SEQU)
SHEN,Shenandoah National Park,Shenandoah National Park (SHEN)
SHIL,Shiloh National Military Park,Shiloh National Military Park (SHIL)
SITK,Sitka National Historical Park,Sitka National Historical Park (SITK)
SLBE,Sleeping Bear Dunes National Lakeshore,Sleeping Bear Dunes National Lakeshore (SLBE)
SPAR,Springfield Armory National Historic Site,Springfield Armory National Historic Site (SPAR)
STLI,Statue of Liberty National Monument,Statue of Liberty National Monument (STLI)
STGE,Ste. Genevieve National Historical Park,Ste. Genevieve National Historical Park (STGE)
STEA,Steamtown National Historic Site,Steamtown National Historic Site (STEA)
STRI,Stones River National Battlefield,Stones River National Battlefield (STRI)
STON,Stonewall National Monument,Stonewall National Monument (STON)
SUCR,Sunset Crater Volcano National Monument,Sunset Crater Volcano National Monument (SUCR)
TAPR,Tallgrass Prairie National Preserve,Tallgrass Prairie National Preserve (TAPR)
THKO,Thaddeus Kosciuszko National Memorial,Thaddeus Kosciuszko National Memorial (THKO)
THRB,Theodore Roosevelt Birthplace National Historic Site,Theodore Roosevelt Birthplace National Historic Site (THRB)
THRI,Theodore Roosevelt Inaugural National Historic Site,Theodore Roosevelt Inaugural National Historic Site (THRI)
THIS,Theodore Roosevelt Island,Theodore Roosevelt Island (THIS)
THRO,Theodore Roosevelt National Park,Theodore Roosevelt National Park (THRO)
EDIS,Thomas Edison National Historical Park,Thomas Edison National Historical Park (EDIS)
JEFM,Thomas Jefferson Memorial,Thomas Jefferson Memorial (JEFM)
THST,Thomas Stone National Historic Site,Thomas Stone National Historic Site (THST)
TICA,Timpanogos Cave National Monument,Timpanogos Cave National Monument (TICA)
TIMU,Timucuan Ecological and Historic Preserve,Timucuan Ecological and Historic Preserve (TIMU)
TONT,Tonto National Monument,Tonto National Monument (TONT)
TULE,Tule Lake National Monument,Tule Lake National Monument (TULE)
TUSK,Tule Springs Fossil Beds National Monument,Tule Springs Fossil Beds National Monument (TUSK)
TUMA,Tumacacori National Historical Park,Tumacacori National Historical Park (TUMA)
TUPE,Tupelo National Battlefield,Tupelo National Battlefield (TUPE)
TUAI,Tuskegee Airmen National Historic Site,Tuskegee Airmen National Historic Site (TUAI)
TUIN,Tuskegee Institute National Historic Site,Tuskegee Institute National Historic Site (TUIN)
TUZI,Tuzigoot National Monument,Tuzigoot National Monument (TUZI)
ULSG,Ulysses S. Grant National Historic Site,Ulysses S. Grant National Historic Site (ULSG)
UPDE,Upper Delaware Scenic and Recreational River,Upper Delaware Scenic and Recreational River (UPDE)
VALL,Valles Caldera National Preserve,Valles Caldera National Preserve (VALL)
VAFO,Valley Forge National Historical Park,Valley Forge National Historical Park (VAFO)
VAMA,Vanderbilt Mansion National Historic Site,Vanderbilt Mansion National Historic Site (VAMA)
VICK,Vicksburg National Military Park,Vicksburg National Military Park (VICK)
VIVE,Vietnam Veterans Memorial,Vietnam Veterans Memorial (VIVE)
VICR,Virgin Islands Coral Reef National Monument,Virgin Islands Coral Reef National Monument (VICR)
VIIS,Virgin Islands National Park,Virgin Islands National Park (VIIS)
VOYA,Voyageurs National Park,Voyageurs National Park (VOYA)
WACO,Waco Mammoth National Monument,Waco Mammoth National Monument (WACO)
WACA,Walnut Canyon National Monument,Walnut Canyon National Monument (WACA)
WAPA,War in the Pacific National Historical Park,War in the Pacific National Historical Park (WAPA)
WAMO,Washington Monument,Washington Monument (WAMO)
WABA,Washita Battlefield National Historic Site,Washita Battlefield National Historic Site (WABA)
WEFA,Weir Farm National Historical Park,Weir Farm National Historical Park (WEFA)
WHIS,Whiskeytown-Shasta-Trinity National Recreation Area,Whiskeytown-Shasta-Trinity National Recreation Area (WHIS)
WHHO,White House,White House (WHHO)
WHSA,White Sands National Park,White Sands National Park (WHSA)
WHMI,Whitman Mission National Historic Site,Whitman Mission National Historic Site (WHMI)
WIHO,William Howard Taft National Historic Site,William Howard Taft National Historic Site (WIHO)
WICR,Wilson's Creek National Battlefield,Wilson's Creek National Battlefield (WICR)
WICA,Wind Cave National Park,Wind Cave National Park (WICA)
WOTR,Wolf Trap National Park for the Performing Arts,Wolf Trap National Park for the Performing Arts (WOTR)
WORI,Women's Rights National Historical Park,Women's Rights National Historical Park (WORI)
WWIM,World War I Memorial,World War I Memorial (WWIM)
WWII,World War II Memorial,World War II Memorial (WWII)
WRST,Wrangell-St. Elias National Park and Preserve,Wrangell-St. Elias National Park and Preserve (WRST)
WRBR,Wright Brothers National Memorial,Wright Brothers National Memorial (WRBR)
WUPA,Wupatki National Monument,Wupatki National Monument (WUPA)
YELL,Yellowstone National Park,Yellowstone National Park (YELL)
YOSE,Yosemite National Park,Yosemite National Park (YOSE)
YUHO,Yucca House National Monument,Yucca House National Monument (YUHO)
YUCH,Yukon-Charley Rivers National Preserve,Yukon-Charley Rivers National Preserve (YUCH)
ZION,Zion National Park,Zion National Park (ZION)
